test_season,event_key,event,fold_id,rows,uniform_mae,weighted_mae,selected_mae,d_uniform_minus_weighted,current_season_prior_events,selected_policy,all_gates_pass,history_eligible,selection_reason,regime,cumulative_uniform_mae,cumulative_weighted_mae,cumulative_selected_mae,switch
2024,2024/sakhir,Sakhir,15,20,0.24459895793299252,0.24459895793299252,0.24459895793299252,0.0,0,uniform,False,False,cold_start,cold_start,0.24459895793299252,0.24459895793299252,0.24459895793299252,False
2024,2024/melbourne,Melbourne,16,19,0.29100956298810404,0.2642396463112159,0.29100956298810404,0.026769916676888113,1,uniform,False,False,cold_start,cold_start,0.2672092527034315,0.2541674984249475,0.2672092527034315,False
2024,2024/suzuka,Suzuka,17,20,0.2253912458363015,0.2305235853765506,0.2253912458363015,-0.005132339540249156,2,uniform,False,False,cold_start,cold_start,0.25303365715525183,0.2461526126458299,0.25303365715525183,False
2024,2024/imola,Imola,18,20,0.44418119270374773,0.4339705029647637,0.44418119270374773,0.010210689738984069,3,uniform,False,False,cold_start,cold_start,0.30142543830676977,0.293701445637965,0.30142543830676977,False
2024,2024/monaco,Monaco,19,20,1.5993018769344185,1.7051080940977905,1.5993018769344185,-0.1058062171633721,4,uniform,False,False,cold_start,cold_start,0.5636226986355877,0.5788341018924752,0.5636226986355877,False
2024,2024/montreal,Montréal,20,20,0.5822904029848062,0.47280668918651025,0.5822904029848062,0.10948371379829594,5,uniform,False,True,margin_not_met,early_season,0.5667601279379774,0.561014368664582,0.5667601279379774,False
2024,2024/barcelona,Barcelona,21,20,0.30818694420793075,0.2584384784281138,0.30818694420793075,0.049748465779816974,6,uniform,False,True,margin_not_met,early_season,0.5295553533005606,0.5174782693499823,0.5295553533005606,False
2024,2024/silverstone,Silverstone,22,20,2.6751409114021896,2.3732849779961467,2.6751409114021896,0.3018559334060435,7,uniform,False,True,margin_not_met,early_season,0.7994403291624007,0.7509130754689967,0.7994403291624007,False
2024,2024/budapest,Budapest,23,20,0.5583906540661243,0.5574346779407542,0.5583906540661243,0.0009559761253702087,8,uniform,False,True,margin_not_met,early_season,0.772507404570638,0.7292953774211482,0.772507404570638,False
2024,2024/zandvoort,Zandvoort,24,19,3.8801645970286747,1.3467861249922195,3.8801645970286747,2.5333784720364556,9,uniform,False,True,margin_not_met,established_season,1.0707169331398436,0.7885495400668572,1.0707169331398436,False
2024,2024/monza,Monza,25,20,0.263325222055498,0.28994844823325083,0.28994844823325083,-0.02662322617775279,10,current_season_only_with_prior,True,True,selected_after_prior_evidence,established_season,0.9966442990954083,0.7428063206325815,0.999086796909881,True
2024,2024/yas-island,Yas Island,26,20,0.3933821976785129,0.42942044297147586,0.42942044297147586,-0.036038245292962956,11,current_season_only_with_prior,True,True,selected_after_prior_evidence,established_season,0.9459500048586943,0.7164713729299674,0.9512156747301831,False
2025,2025/melbourne,Melbourne,27,19,0.24198888581519756,0.20331974813719392,0.24198888581519756,0.03866913767800364,0,uniform,False,False,cold_start,cold_start,0.24198888581519756,0.20331974813719392,0.24198888581519756,False
2025,2025/suzuka,Suzuka,28,20,0.6047593178276522,0.6186611911340617,0.6047593178276522,-0.013901873306409462,1,uniform,False,False,cold_start,cold_start,0.4280250047959436,0.4163153599304594,0.4280250047959436,False
2025,2025/sakhir,Sakhir,29,20,0.5684332662975182,0.5904007490313489,0.5684332662975182,-0.02196748273383057,2,uniform,False,False,cold_start,cold_start,0.475621025643935,0.47532735623584565,0.475621025643935,False
2025,2025/jeddah,Jeddah,30,20,0.34054624076845375,0.3179109689978268,0.34054624076845375,0.02263527177062697,3,uniform,False,False,cold_start,cold_start,0.4414248775741929,0.43547510630217,0.4414248775741929,False
2025,2025/imola,Imola,31,19,0.26632169016033663,0.27438915121365226,0.26632169016033663,-0.00806746105331558,4,uniform,False,False,cold_start,cold_start,0.40747630042252686,0.40424415582582474,0.40747630042252686,False
2025,2025/monaco,Monaco,32,20,0.6345453319354794,0.4700767935337159,0.4700767935337159,0.1644685384017634,5,current_season_only_with_prior,True,True,selected_after_prior_evidence,early_season,0.4459625769501459,0.4154022300136029,0.4180865534922199,True
2025,2025/barcelona,Barcelona,33,20,0.39085294025598416,0.24922371995262363,0.24922371995262363,0.14162922030336053,6,current_season_only_with_prior,True,True,selected_after_prior_evidence,early_season,0.4379756730814268,0.39131838797577984,0.3936136790661915,False
2025,2025/montreal,Montréal,34,20,0.43595026842187073,0.29753790223104887,0.29753790223104887,0.1384123661908219,7,current_season_only_with_prior,True,True,selected_after_prior_evidence,early_season,0.43771929274477417,0.37944744041315565,0.38145218832756583,False
2025,2025/spielberg,Spielberg,35,20,1.4663987483049157,0.29668946462826135,0.29668946462826135,1.1697092836766543,8,current_season_only_with_prior,True,True,selected_after_prior_evidence,early_season,0.5533012540436665,0.3701487914485607,0.3719282867883181,False
2025,2025/silverstone,Silverstone,36,20,0.36352203021830903,0.3608140339028903,0.3608140339028903,0.002707996315418759,9,current_season_only_with_prior,True,True,selected_after_prior_evidence,established_season,0.5341316354754486,0.36920588664596776,0.3708056349817092,False
2025,2025/budapest,Budapest,37,20,0.47627625430324433,0.39577614118027926,0.39577614118027926,0.0805001131229651,10,current_season_only_with_prior,True,True,selected_after_prior_evidence,established_season,0.528823802340384,0.3716435246766385,0.37309650711001835,False
2025,2025/zandvoort,Zandvoort,38,19,1.2982492080885193,0.3350158142382824,0.3350158142382824,0.963233393850237,11,current_season_only_with_prior,True,True,selected_after_prior_evidence,established_season,0.5905076956282092,0.3687071259495129,0.37004362455911965,False
2025,2025/monza,Monza,39,20,0.23442571690088654,0.2238380862613007,0.2238380862613007,0.010587630639585816,12,current_season_only_with_prior,True,True,selected_after_prior_evidence,established_season,0.5627970358050712,0.35743327072085823,0.35866576165656566,False
2025,2025/baku,Baku,40,20,2.6685868614026935,0.5709085917538017,0.5709085917538017,2.0976782696488923,13,current_season_only_with_prior,True,True,selected_after_prior_evidence,established_season,0.7148396224908201,0.37284665130085415,0.3739901537213481,False
2025,2025/marina-bay,Marina Bay,41,20,0.42946269558963035,0.35422264229019473,0.35422264229019473,0.07524005329943555,14,current_season_only_with_prior,True,True,selected_after_prior_evidence,established_season,0.6956223210159925,0.37159250927993437,0.37265900817042863,False
2025,2025/mexico-city,Mexico City,42,20,0.2878897016923764,0.3313400507129066,0.3313400507129066,-0.0434503490205303,15,current_season_only_with_prior,True,True,selected_after_prior_evidence,established_season,0.6698978655381618,0.3690529219886392,0.3700521338828878,False
2025,2025/las-vegas,Las Vegas,43,20,3.212796926215802,3.31124032502393,3.31124032502393,-0.09844339880812858,16,current_season_only_with_prior,True,True,selected_after_prior_evidence,established_season,0.8208117563795647,0.5436634503586862,0.5446033618437806,False
2025,2025/yas-island,Yas Island,44,20,0.2399992788281069,0.2563328739916301,0.2563328739916301,-0.01633359516352318,17,current_season_only_with_prior,True,True,selected_after_prior_evidence,established_season,0.7882732422310237,0.5275664993017083,0.528453754681195,False
